[{"Titulo":"Olvídate de mí","Pista":"Jim Carrey y Kate Winslet juntos","Cartel":"https://pics.filmaffinity.com/eternal_sunshine_of_the_spotless_mind-314689716-mmed.jpg","Nivel":"Difícil","Genero":"Drama"},{"Titulo":"El jovencito Frankenstein","Pista":"Una película de Mel Brooks","Cartel":"https://pics.filmaffinity.com/young_frankenstein-226542108-mmed.jpg","Nivel":"Fácil","Genero":"Comedia"},{"Titulo":"Acorralado","Pista":"¡No siento las piernas!","Cartel":"https://pics.filmaffinity.com/rambo_first_blood-572528533-mmed.jpg","Nivel":"Media","Genero":"Acción"},{"Titulo":"Blade Runner","Pista":"He visto cosas que vosotros no creeríais","Cartel":"https://pics.filmaffinity.com/blade_runner-351607743-mmed.jpg","Nivel":"Media","Genero":"Ciencia-Ficción"},{"Titulo":"El orfanato","Pista":"Primera película de J.A. Bayona","Cartel":"https://pics.filmaffinity.com/el_orfanato-559183806-mmed.jpg","Nivel":"Fácil","Genero":"Terror"}]